1596952403255217000,1596952403726861000,200 OK
1596952403746418000,1596952404255141000,200 OK
1596952404520508000,1596952404844790000,200 OK
1596952405553445000,1596952405766248000,200 OK
1596952405845920000,1596952406496191000,200 OK
1596952406539537000,1596952407007065000,200 OK
1596952407060590000,1596952408125151000,200 OK
1596952408305688000,1596952408778400000,200 OK
1596952408932760000,1596952409369865000,200 OK
1596952409462957000,1596952409734673000,200 OK
1596952409763899000,1596952410142287000,200 OK
